First Name,Last Name,Student ID,Address,Date ,Time,
Carlin,Angeles,23-04713,Limay Bataan,12/10/2024,03:41 PM,
Rainier,Lopez,23-23984,Balanga Bataan,12/10/2024,03:53 PM,
Charles,Lim,23-24234,Hermosa Bataan,12/10/2024,03:53 PM,
Shane,Manansala,23-00234,Balanga Bataan,12/13/2024,01:06 AM,
Kier,Rosales,23-05624,Limay Bataan,12/13/2024,01:09 AM,
Anjo,Binungcal,23-08702,Pilar Bataan,12/13/2024,01:09 AM,
Joseph,Mores,23-05560`,Mariveles Bataan,12/13/2024,01:10 AM,
Matt Kevin,Malit,23-05560,Hermosa Bataan,12/13/2024,01:11 AM,
Jeiky,Borja,23-04157,Orion Bataan,12/13/2024,01:11 AM,
Denniel James,Nisperos,23-04411,Orion Bataan,12/13/2024,01:12 AM,
Gabriel,Manguerra,23-10065,Bagac Bataan,12/13/2024,01:12 AM,
asdasd,asdasdasd,asdasdsa,asdasdasd,12/13/2024,01:57 AM,
asdsad,asdasdsa,asdasd,asdasdasdasdas,12/13/2024,01:58 AM,
asdsad,asdasdsa,asdasd,asdasdasdasdas,12/13/2024,01:58 AM,
asdsad,asdasdsa,asdasd,asdasdasdasdas,12/13/2024,01:58 AM,
asdsad,asdasdsa,asdasd,asdasdasdasdas,12/13/2024,01:58 AM,
asdsad,asdasdsa,asdasd,asdasdasdasdas,12/13/2024,01:58 AM,
asdsad,asdasdsa,asdasd,asdasdasdasdas,12/13/2024,01:58 AM,
